,carat,cut,color,clarity,depth,table,x,y,z
9469,1.07,Good,J,VS2,61.7,57.7,6.55,6.58,4.05
43188,0.51,Very Good,E,VS2,60.2,62.0,5.16,5.27,3.14
43250,0.42,Ideal,G,IF,62.7,56.0,4.76,4.77,2.99
45500,0.54,Ideal,F,VS2,59.8,58.0,5.29,5.34,3.18
29550,0.25,Ideal,F,VVS2,61.7,56.0,4.06,4.07,2.51
24168,1.5,Very Good,D,SI1,62.8,58.0,7.28,7.31,4.58
25821,1.5,Very Good,G,VVS1,63.3,58.0,7.19,7.27,4.58
35877,0.32,Ideal,G,IF,61.6,55.0,4.42,4.45,2.73
4437,1.05,Ideal,J,SI2,61.6,57.0,6.55,6.51,4.02
1298,0.71,Very Good,E,VS2,59.6,60.0,5.8,5.85,3.47
16296,1.32,Premium,H,VVS2,61.3,58.0,7.05,7.01,4.31
42183,0.56,Premium,H,SI1,61.3,60.0,5.28,5.23,3.22
14800,1.2,Very Good,I,SI1,62.9,54.0,6.75,6.77,4.25
20064,0.31,Ideal,F,VS2,62.6,55.0,4.29,4.33,2.7
7048,0.93,Very Good,G,SI2,62.9,56.0,6.2,6.23,3.91
19436,1.03,Very Good,F,VS1,62.8,54.1,6.39,6.48,4.05
6121,1.02,Ideal,I,SI1,61.9,55.0,6.43,6.46,3.99
52408,0.71,Ideal,G,VS2,61.7,57.0,5.75,5.72,3.54
14161,1.21,Premium,F,SI2,59.9,62.0,6.92,6.88,4.13
33721,0.42,Premium,E,SI2,60.1,58.0,4.91,4.87,2.94
25412,2.14,Ideal,I,SI2,60.7,57.0,8.34,8.4,5.08
5826,1.01,Fair,E,SI2,57.9,57.0,6.51,6.55,3.78
51957,0.79,Ideal,I,SI1,61.6,57.0,5.94,6.0,3.68
3769,1.02,Ideal,G,I1,61.2,56.0,6.47,6.5,3.97
30526,0.44,Ideal,H,SI1,61.9,57.0,4.9,4.92,3.04
7765,1.07,Premium,E,SI2,60.5,59.0,6.59,6.67,4.01
7063,0.33,Ideal,I,VVS2,62.7,54.0,4.42,4.45,2.78
22662,1.04,Ideal,D,VS1,61.6,57.0,6.52,6.56,4.03
27833,0.31,Very Good,H,VVS1,61.9,57.0,4.33,4.36,2.69
6493,1.02,Premium,I,SI2,62.2,58.0,6.41,6.36,3.97
36496,0.34,Ideal,E,VVS2,62.4,55.0,4.47,4.51,2.79
46069,0.46,Ideal,E,VVS2,62.6,55.0,4.95,4.92,3.09
40893,0.51,Ideal,E,SI2,62.7,53.0,5.09,5.12,3.2
29336,0.31,Good,H,VS1,64.0,59.0,4.28,4.25,2.73
35593,0.31,Premium,H,VVS1,60.5,58.0,4.43,4.4,2.67
27111,2.02,Premium,H,SI1,62.1,61.0,8.06,7.99,4.98
50750,0.7,Very Good,E,SI2,61.5,56.0,5.71,5.73,3.52
39950,0.33,Premium,D,SI2,62.7,58.0,4.39,4.41,2.76
34754,0.41,Premium,H,SI1,60.9,60.0,4.83,4.79,2.93
41704,0.53,Premium,H,SI1,59.4,60.0,5.26,5.24,3.12
31558,0.38,Very Good,G,VS2,60.1,61.0,4.63,4.66,2.79
52443,0.72,Ideal,F,SI1,62.4,57.0,5.71,5.74,3.57
18505,1.02,Very Good,F,VS1,62.8,58.0,6.4,6.44,4.03
51990,0.56,Ideal,G,IF,61.8,56.0,5.28,5.34,3.28
13274,1.06,Premium,E,SI1,60.8,58.0,6.59,6.54,3.99
1476,0.7,Very Good,D,VS2,63.1,56.0,5.62,5.69,3.57
32725,0.31,Ideal,F,VS2,62.3,55.0,4.33,4.3,2.69
52492,0.77,Good,D,SI2,64.9,53.0,5.84,5.75,3.76
20170,1.02,Very Good,G,IF,62.3,59.0,6.36,6.45,3.99
49433,0.61,Ideal,F,VS2,62.4,55.0,5.45,5.42,3.39
13400,0.32,Ideal,F,VS2,62.4,57.0,4.37,4.44,2.75
3830,1.0,Premium,H,SI2,61.0,60.0,6.42,6.36,3.9
2878,0.7,Good,E,VS1,61.3,62.0,5.64,5.72,3.48
36900,0.41,Ideal,G,VVS2,60.9,56.0,4.81,4.84,2.94
6832,1.01,Very Good,F,SI2,62.7,56.0,6.35,6.4,4.0
35223,0.33,Ideal,F,VVS1,61.4,55.0,4.47,4.52,2.76
28407,0.35,Premium,D,SI2,62.3,58.0,4.54,4.48,2.81
29510,0.32,Ideal,E,VS2,61.3,57.0,4.42,4.45,2.72
12159,1.08,Ideal,D,SI2,59.1,60.0,6.7,6.76,3.98
28647,0.31,Ideal,E,SI2,61.7,56.0,4.35,4.4,2.7
34443,0.31,Ideal,E,VVS2,62.0,54.0,4.38,4.39,2.72
45891,0.52,Premium,F,VS2,60.7,59.0,5.18,5.14,3.13
26866,2.39,Very Good,J,VS2,62.2,60.0,8.49,8.51,5.29
48785,0.53,Ideal,D,SI1,60.4,57.0,5.28,5.31,3.2
53238,0.72,Ideal,F,SI1,61.5,58.0,5.72,5.76,3.53
22903,1.71,Ideal,J,VVS2,61.6,59.0,7.65,7.68,4.72
28711,0.23,Premium,E,VVS2,61.8,58.0,3.94,3.92,2.43
3059,0.34,Premium,F,SI1,59.8,58.0,4.53,4.57,2.72
20811,1.04,Premium,G,IF,61.3,58.0,6.52,6.43,3.97
44686,0.73,Premium,G,SI2,61.2,56.0,5.76,5.67,3.5
23560,1.21,Ideal,G,VVS1,61.5,56.0,6.83,6.89,4.22
10540,1.0,Ideal,E,SI2,62.2,52.0,6.42,6.47,4.01
171,0.7,Premium,D,VS2,58.0,62.0,5.87,5.78,3.38
10677,1.21,Premium,J,VS2,59.9,59.0,6.92,6.86,4.13
24441,1.51,Premium,G,VS2,59.6,57.0,7.52,7.49,4.47
8866,0.92,Premium,E,SI1,62.1,58.0,6.22,6.15,3.84
7003,1.06,Premium,D,SI2,60.9,60.0,6.55,6.52,3.98
27692,0.41,Ideal,J,VS1,62.4,55.0,4.75,4.77,2.97
18111,1.03,Premium,F,VS1,61.8,59.0,6.46,6.48,4.0
38286,0.28,Very Good,F,VS1,61.0,59.0,4.18,4.24,2.57
14346,1.22,Ideal,I,SI1,62.6,57.0,6.8,6.77,4.25
47254,0.51,Ideal,G,VVS2,62.9,57.0,5.12,5.06,3.2
20815,1.02,Very Good,F,VVS2,61.0,54.0,6.53,6.58,4.0
18661,1.06,Premium,G,VVS2,62.4,55.0,6.54,6.5,4.07
38923,0.51,Premium,F,SI2,58.1,59.0,5.26,5.24,3.05
8117,0.9,Ideal,D,SI1,61.6,56.0,6.19,6.21,3.82
14129,0.93,Premium,F,SI1,62.3,59.0,6.25,6.21,3.88
3468,1.04,Premium,E,SI2,61.6,59.0,6.51,6.47,4.0
42538,0.4,Ideal,D,VVS2,61.9,56.0,4.76,4.74,2.94
49116,0.72,Very Good,J,VS1,64.0,57.0,5.67,5.71,3.64
32624,0.31,Very Good,H,VS2,58.9,61.0,4.43,4.46,2.62
48787,0.62,Very Good,D,VS2,59.0,59.0,5.59,5.66,3.32
27641,2.01,Good,H,VS2,57.8,60.0,8.29,8.35,4.81
53348,0.7,Fair,G,VS2,64.4,56.0,5.64,5.57,3.61
2238,0.81,Ideal,F,SI1,61.2,57.0,6.0,6.05,3.69
49463,0.72,Ideal,J,VS1,62.7,57.0,5.74,5.71,3.59
6523,0.91,Ideal,D,SI2,62.6,54.0,6.22,6.25,3.9
51044,0.7,Premium,H,VS2,61.8,60.0,5.68,5.71,3.52
29048,0.4,Very Good,E,SI1,62.9,59.0,4.69,4.72,2.96
47348,0.5,Premium,D,VS2,62.1,58.0,5.08,5.03,3.14
46441,0.53,Ideal,E,VS1,60.4,57.0,5.27,5.26,3.18
52313,0.3,Ideal,F,SI1,60.9,55.0,4.34,4.38,2.66
37306,0.31,Ideal,F,IF,62.1,56.0,4.33,4.36,2.7
49934,0.71,Very Good,I,VS2,62.8,59.0,5.64,5.67,3.55
22796,1.51,Very Good,H,VS2,63.5,60.0,7.27,7.24,4.61
21114,1.5,Good,E,SI2,63.5,59.0,7.25,7.28,4.61
4560,0.93,Very Good,G,SI2,60.8,62.0,6.29,6.34,3.84
43135,0.58,Very Good,G,SI1,62.9,57.0,5.3,5.35,3.35
38677,0.3,Ideal,D,VVS2,61.6,56.0,4.32,4.35,2.67
53203,0.71,Ideal,D,SI2,61.5,56.0,5.78,5.74,3.54
14062,0.3,Ideal,H,VVS2,62.6,55.0,4.25,4.28,2.67
1306,0.7,Very Good,F,VS2,62.4,57.0,5.67,5.71,3.55
30892,0.38,Very Good,E,VS2,60.4,58.0,4.67,4.7,2.83
16108,1.0,Very Good,D,VS2,63.1,59.0,6.26,6.36,3.98
31047,0.41,Ideal,H,VS1,61.8,56.0,4.73,4.78,2.94
28166,0.32,Ideal,G,VS1,62.0,55.0,4.43,4.44,2.75
20991,1.03,Premium,E,VVS2,59.7,56.0,6.64,6.56,3.94
34349,0.33,Ideal,I,IF,61.2,56.0,4.46,4.49,2.74
53294,0.3,Very Good,I,VVS1,60.5,60.0,4.32,4.34,2.62
4240,0.71,Ideal,D,VS1,60.4,60.0,5.77,5.82,3.5
28520,0.29,Very Good,E,VVS2,60.9,57.0,4.29,4.32,2.62
39096,0.41,Ideal,I,VVS2,61.7,56.0,4.8,4.77,2.95
43263,0.3,Very Good,J,VS1,63.3,60.0,4.25,4.22,2.68
11558,1.16,Very Good,E,SI2,62.4,55.0,6.69,6.77,4.2
22126,1.2,Premium,D,VS2,61.1,58.0,6.85,6.83,4.18
43182,0.59,Very Good,I,VS2,62.4,58.4,5.3,5.36,3.32
33729,0.37,Ideal,F,VVS2,60.0,59.0,4.64,4.66,2.79
37259,0.31,Premium,F,IF,61.9,58.0,4.39,4.36,2.71
4660,1.13,Ideal,H,I1,61.1,56.0,6.77,6.71,4.12
45284,0.52,Ideal,G,VS1,61.2,56.0,5.19,5.22,3.18
40998,0.6,Ideal,I,SI2,61.9,55.0,5.43,5.46,3.37
53549,0.9,Very Good,J,SI2,62.3,59.0,6.15,6.18,3.84
10008,0.9,Very Good,E,VS2,63.0,58.0,6.13,6.16,3.87
50979,0.31,Very Good,G,VS2,61.0,56.0,4.35,4.37,2.66
51967,0.3,Ideal,G,SI1,62.0,55.0,4.28,4.3,2.66
14773,1.01,Premium,G,VS2,59.0,61.0,6.62,6.56,3.89
49167,0.71,Premium,F,SI2,62.6,59.0,5.64,5.6,3.52
978,0.81,Ideal,G,SI2,62.2,57.0,5.96,6.0,3.72
19243,1.59,Ideal,I,SI2,61.6,57.0,7.56,7.51,4.64
11931,1.11,Ideal,G,SI1,62.0,57.0,6.69,6.61,4.12
45475,0.72,Premium,F,SI2,61.3,59.0,5.81,5.76,3.55
8449,1.01,Premium,H,SI2,60.3,60.0,6.49,6.45,3.9
17511,1.04,Premium,D,VS1,60.8,58.0,6.53,6.5,3.96
20810,1.2,Ideal,G,VS1,61.7,55.0,6.92,6.88,4.26
3434,0.91,Very Good,G,SI2,64.0,61.0,6.05,6.08,3.88
47241,0.62,Premium,G,VS2,60.9,59.0,5.52,5.48,3.35
1813,0.65,Very Good,D,VVS2,59.9,58.0,5.63,5.69,3.39
52353,0.7,Very Good,G,VS2,59.6,60.0,5.71,5.8,3.43
18219,1.0,Premium,D,VS2,59.8,58.0,6.55,6.47,3.89
38569,0.4,Ideal,I,VVS2,62.4,55.0,4.73,4.7,2.94
20488,1.5,Good,E,SI1,64.1,56.0,7.21,7.14,4.6
10365,1.01,Ideal,H,SI1,62.9,55.0,6.35,6.4,4.01
38605,0.39,Ideal,H,IF,61.9,55.6,4.68,4.7,2.91
9810,1.21,Premium,I,VS2,61.6,61.0,6.86,6.8,4.21
5561,0.96,Ideal,G,SI2,61.7,57.0,6.35,6.3,3.9
45659,0.24,Ideal,F,VVS2,62.4,55.0,3.99,4.02,2.5
40596,0.37,Ideal,J,SI1,60.5,57.0,4.63,4.66,2.81
25009,2.0,Good,J,VS2,58.0,62.0,8.17,8.25,4.76
7534,1.02,Ideal,H,SI2,60.5,56.0,6.53,6.57,3.96
4259,0.9,Premium,I,VS1,62.2,58.0,6.18,6.13,3.83
39783,0.36,Ideal,D,VS2,61.1,57.0,4.62,4.58,2.81
24979,1.29,Ideal,D,VS1,62.4,55.0,6.93,6.99,4.34
3062,0.62,Ideal,G,IF,61.8,56.0,5.45,5.48,3.38
34605,0.27,Very Good,D,VS1,63.2,55.0,4.1,4.16,2.61
46964,0.37,Good,H,SI1,64.0,55.0,4.53,4.57,2.91
42920,0.5,Premium,D,SI1,61.4,59.0,5.12,5.08,3.13
13415,1.2,Premium,H,SI2,62.4,57.0,6.83,6.75,4.24
21495,1.52,Very Good,J,VVS1,63.6,56.0,7.26,7.33,4.64
11053,0.32,Very Good,I,VVS1,60.9,57.0,4.45,4.48,2.71
8662,1.16,Very Good,H,SI2,63.2,57.0,6.66,6.7,4.22
40059,0.46,Good,F,VS1,64.4,60.0,4.88,4.9,3.15
27997,0.3,Premium,E,VS2,61.7,58.0,4.32,4.34,2.67
18012,1.07,Ideal,F,SI1,61.5,56.0,6.58,6.62,4.06
3771,0.73,Ideal,G,VS1,60.9,59.0,5.79,5.83,3.54
53779,0.74,Very Good,E,SI2,59.1,60.0,5.88,5.93,3.49
23205,2.01,Fair,J,SI1,64.4,61.0,7.74,7.78,5.0
48181,0.54,Premium,H,VVS1,62.0,57.0,5.25,5.2,3.24
16229,0.94,Ideal,G,VVS1,62.4,58.0,6.22,6.27,3.9
13539,1.12,Premium,E,SI1,58.8,61.0,6.8,6.74,3.98
31029,0.31,Premium,F,VS2,60.7,61.0,4.4,4.36,2.66
18652,1.53,Ideal,H,SI2,62.5,57.0,7.36,7.39,4.61
2381,0.32,Very Good,G,VS2,59.9,57.0,4.47,4.51,2.69
19336,1.2,Ideal,H,VS1,61.1,58.0,6.84,6.88,4.19
50795,0.71,Good,I,VS1,63.3,56.0,5.65,5.69,3.59
45871,0.51,Premium,D,VS2,62.0,60.0,5.07,5.12,3.16
49100,0.52,Very Good,F,VVS2,62.1,58.0,5.12,5.16,3.19
22889,1.3,Premium,F,VS1,61.0,59.0,7.05,7.08,4.31
45863,0.5,Very Good,D,VS1,63.1,57.0,5.04,5.0,3.17
32669,0.31,Premium,G,VS1,59.6,61.0,4.38,4.35,2.6
20850,1.5,Premium,E,SI2,62.4,62.0,7.29,7.21,4.53
50997,0.31,Very Good,I,VVS2,62.2,57.0,4.34,4.37,2.71
15906,1.0,Premium,E,VS2,62.9,59.0,6.38,6.27,3.98
16757,1.01,Ideal,G,VS1,62.4,56.0,6.39,6.44,4.0
8972,1.0,Good,F,SI1,62.5,57.0,6.28,6.39,3.96
20715,0.31,Very Good,H,VVS2,61.9,58.0,4.33,4.36,2.69
3385,0.31,Very Good,G,SI2,61.8,59.0,4.3,4.34,2.67
46446,0.61,Very Good,I,VVS2,62.0,54.4,5.47,5.51,3.4
12669,1.07,Ideal,G,SI1,62.2,57.0,6.59,6.56,4.09
14455,1.5,Good,H,SI2,57.3,62.0,7.55,7.5,4.31
39041,0.36,Ideal,F,IF,62.5,54.0,4.54,4.58,2.85
52278,0.7,Premium,F,SI1,61.0,60.0,5.75,5.72,3.5
50223,0.53,Ideal,E,VVS2,62.0,58.0,5.16,5.2,3.21
404,0.33,Ideal,H,SI2,61.4,56.0,4.85,4.79,2.95
2215,0.8,Very Good,H,VS1,62.7,56.0,5.88,5.96,3.71
44342,0.5,Very Good,G,VS1,63.2,59.0,5.03,5.07,3.19
39288,0.3,Ideal,H,VS2,61.4,55.0,4.34,4.36,2.67
11993,1.24,Good,H,SI1,62.0,65.0,6.88,6.84,4.25
35261,0.3,Ideal,G,IF,62.6,57.0,4.28,4.32,2.69
46422,0.53,Ideal,G,VS2,61.6,57.0,5.15,5.2,3.19
3146,0.77,Ideal,H,VS2,60.9,56.0,5.89,5.94,3.61
40129,0.41,Premium,F,VVS2,60.6,58.0,4.79,4.84,2.92
45205,0.51,Ideal,E,VS2,61.5,57.0,5.09,5.12,3.14
53005,0.7,Premium,D,SI2,60.0,60.0,5.72,5.56,3.5
14711,0.3,Ideal,F,VS2,61.3,55.0,4.3,4.32,2.64
11718,0.34,Premium,E,SI1,61.9,59.0,4.44,4.48,2.76
47360,0.72,Premium,J,VS2,61.4,58.0,5.74,5.76,3.53
32383,0.3,Ideal,D,VS2,62.3,56.0,4.31,4.29,2.68
13488,1.07,Ideal,E,SI1,61.4,57.0,6.59,6.53,4.03
20752,1.12,Ideal,E,VS1,61.3,56.0,6.7,6.72,4.11
6278,0.9,Ideal,H,SI2,61.0,56.0,6.23,6.29,3.82
26855,1.71,Premium,F,VS2,60.8,58.0,7.79,7.7,4.71
50928,0.71,Ideal,I,SI1,60.2,60.0,5.77,5.79,3.48
7365,1.03,Very Good,F,SI2,61.1,59.0,6.51,6.58,4.0
27859,0.3,Ideal,F,VS1,62.3,53.8,4.3,4.33,2.69
36425,0.31,Ideal,D,VS2,60.4,56.0,4.42,4.39,2.66
9232,1.02,Good,D,SI1,64.3,54.0,6.32,6.27,4.05
36789,0.34,Ideal,E,VS2,62.4,54.0,4.49,4.48,2.8
43312,0.55,Ideal,H,VS2,61.8,54.0,5.28,5.3,3.27
10545,0.97,Premium,F,SI1,59.9,59.0,6.36,6.39,3.82
5104,0.61,Ideal,D,VVS2,61.7,56.0,5.47,5.42,3.36
41253,0.3,Very Good,F,SI1,61.7,59.0,4.29,4.33,2.66
32838,0.46,Ideal,G,SI2,61.1,57.0,4.97,5.01,3.05
7920,0.91,Very Good,G,VS2,59.5,58.0,6.26,6.34,3.75
19329,1.57,Ideal,J,SI1,62.0,55.6,7.43,7.47,4.62
10498,1.19,Ideal,H,SI2,61.7,56.0,6.83,6.78,4.2
35480,0.38,Ideal,H,VVS1,61.2,57.0,4.65,4.67,2.85
43681,0.5,Ideal,F,VS2,61.2,57.0,5.1,5.13,3.13
3013,0.76,Ideal,D,VS2,61.8,57.0,5.85,5.9,3.63
13282,1.08,Premium,F,SI1,61.0,59.0,6.67,6.57,4.04
52686,0.58,Ideal,E,VVS2,62.1,56.0,5.36,5.33,3.32
7852,0.9,Premium,D,SI1,61.5,58.0,6.21,6.15,3.8
28786,0.37,Premium,D,SI1,61.9,59.0,4.62,4.65,2.87
33896,0.3,Ideal,E,VS2,62.2,56.0,4.3,4.28,2.67
16711,0.31,Ideal,H,VVS2,61.4,55.0,4.37,4.39,2.69
31775,0.32,Ideal,F,VS2,61.9,55.0,4.45,4.41,2.74
11362,1.03,Very Good,F,SI1,61.5,59.0,6.42,6.49,3.97
16093,1.02,Very Good,G,VS2,60.9,56.0,6.47,6.51,3.95
12156,1.31,Premium,E,SI2,61.2,60.0,7.02,6.93,4.27
2748,0.76,Good,E,VS2,63.2,56.0,5.82,5.86,3.69
36142,0.33,Ideal,E,VS2,61.9,56.0,4.46,4.43,2.75
39872,0.47,Premium,G,VS2,61.8,60.0,4.98,4.95,3.07
34746,0.41,Premium,H,SI1,62.6,59.0,4.77,4.72,2.97
35439,0.32,Ideal,E,VS2,62.2,56.0,4.41,4.37,2.73
3547,0.91,Premium,H,SI1,60.9,58.0,6.26,6.22,3.8
28263,0.23,Good,E,VS2,61.8,63.0,3.88,3.89,2.4
8840,1.01,Ideal,E,SI2,60.9,57.0,6.47,6.51,3.95
42931,0.32,Ideal,H,VS2,61.5,56.0,4.38,4.4,2.7
6326,0.71,Ideal,D,VS2,61.2,55.0,5.74,5.78,3.53
41003,0.39,Ideal,E,VVS1,60.8,58.0,4.72,4.76,2.88
27678,2.02,Ideal,G,VS2,62.0,57.0,8.1,8.05,5.01
34144,0.33,Ideal,H,VVS2,60.9,57.0,4.52,4.48,2.74
15713,0.37,Ideal,G,SI1,61.0,56.0,4.61,4.68,2.84
49714,0.56,Ideal,G,VVS2,62.6,53.0,5.27,5.31,3.31
39312,0.33,Premium,E,VS1,61.0,55.0,4.51,4.47,2.74
3812,0.9,Very Good,F,SI2,61.3,60.0,6.18,6.22,3.8
20707,0.31,Ideal,F,VS2,62.1,57.0,4.34,4.36,2.7
33425,0.32,Ideal,H,VVS2,61.2,56.0,4.43,4.4,2.7
52961,0.24,Very Good,E,VVS1,62.5,59.0,3.96,4.01,2.49
29492,0.32,Ideal,E,VS2,62.1,56.0,4.38,4.41,2.73
12955,1.21,Very Good,I,VS2,63.4,57.0,6.79,6.72,4.28
47965,0.52,Premium,D,VS2,60.6,56.0,5.25,5.22,3.17
24602,1.52,Very Good,G,VS1,59.3,59.0,7.48,7.55,4.46
22512,1.57,Ideal,E,SI2,61.4,56.0,7.52,7.44,4.59
37716,0.34,Premium,H,VVS1,61.5,60.0,4.49,4.45,2.75
44908,0.53,Premium,D,SI1,60.0,58.0,5.24,5.29,3.16
44048,0.51,Very Good,E,VS2,60.0,57.0,5.15,5.19,3.1
14366,1.02,Ideal,G,VS2,62.0,57.0,6.38,6.46,3.98
10759,1.01,Good,E,SI1,60.9,64.0,6.29,6.22,3.81
14315,1.16,Very Good,H,SI2,62.8,59.0,6.7,6.64,4.19
10249,1.01,Very Good,I,SI1,63.3,54.0,6.34,6.36,4.02
6269,1.04,Ideal,I,VS2,62.9,56.0,6.5,6.41,4.06
14803,1.1,Premium,G,VS1,62.2,59.0,6.61,6.57,4.1
52532,0.7,Ideal,I,VVS2,61.1,56.0,5.73,5.76,3.52
12243,0.92,Very Good,D,VS1,60.6,61.0,6.21,6.29,3.79
46419,0.5,Ideal,E,VS2,60.8,55.0,5.19,5.16,3.15
18262,1.51,Premium,J,VS2,59.6,60.0,7.48,7.58,4.49
40549,0.4,Ideal,E,VS2,61.4,57.0,4.78,4.75,2.92
4207,1.04,Fair,G,SI2,66.1,60.0,6.32,6.23,4.15
47328,0.23,Very Good,D,VVS2,61.4,58.0,3.92,3.96,2.42
35843,0.4,Premium,G,VVS2,61.3,59.0,4.74,4.78,2.92
21305,1.12,Ideal,F,VVS2,61.4,57.0,6.66,6.69,4.1
46527,0.51,Premium,G,VS1,62.1,60.0,5.11,5.1,3.17
14164,1.2,Premium,H,SI1,62.7,56.0,6.78,6.75,4.24
39716,0.5,Very Good,E,SI1,62.4,58.0,5.06,5.01,3.14
7079,0.33,Ideal,G,VS2,61.6,55.0,4.43,4.46,2.74
174,0.7,Ideal,E,SI1,62.7,55.0,5.68,5.74,3.58
2443,0.9,Fair,E,SI2,57.5,68.0,6.37,6.33,3.65
12857,1.12,Very Good,G,SI1,61.1,59.0,6.69,6.73,4.1
16387,1.18,Premium,F,SI1,62.3,59.0,6.75,6.67,4.18
35644,0.31,Ideal,G,VVS2,61.4,56.0,4.38,4.35,2.68
26546,2.01,Good,F,SI2,58.1,64.0,8.23,8.19,4.77
47105,0.61,Premium,H,VVS2,62.4,59.0,5.4,5.43,3.38
19967,1.5,Good,D,SI2,62.4,61.0,7.23,7.36,4.55
46489,0.54,Very Good,F,VS1,59.9,57.0,5.35,5.3,3.19
4655,1.04,Ideal,H,SI2,62.0,57.0,6.53,6.43,4.02
53605,0.7,Ideal,F,VVS2,61.9,55.0,5.72,5.68,3.53
28537,0.3,Premium,E,SI1,62.4,58.0,4.28,4.24,2.66
6347,1.0,Good,I,VVS2,57.4,59.0,6.61,6.53,3.77
47102,0.53,Very Good,G,VVS2,62.2,54.0,5.19,5.23,3.23
37981,0.39,Ideal,G,VS1,62.0,55.0,4.66,4.71,2.9
1760,0.78,Very Good,F,SI1,62.4,58.0,5.83,5.86,3.65
22265,1.52,Ideal,F,SI2,61.8,58.0,7.38,7.4,4.57
229,0.52,Ideal,F,IF,62.2,55.0,5.14,5.18,3.21
46981,0.55,Premium,D,SI1,61.9,60.0,5.23,5.14,3.21
37831,0.33,Ideal,D,VS2,61.8,56.0,4.44,4.4,2.73
23140,1.51,Very Good,G,VS2,59.3,58.0,7.32,7.49,4.39
9395,1.03,Ideal,F,SI2,60.5,58.0,6.55,6.49,3.94
38932,0.4,Ideal,E,VS1,62.3,56.0,4.71,4.73,2.94
28522,0.41,Ideal,J,VS1,62.0,53.6,4.75,4.79,2.96
15342,1.01,Very Good,F,VS2,61.3,61.0,6.34,6.38,3.9
10645,1.04,Ideal,I,SI1,61.7,55.0,6.5,6.54,4.02
23753,1.27,Premium,F,VVS2,61.3,60.0,6.9,6.99,4.26
20244,1.52,Fair,H,VS2,62.1,66.0,7.33,7.13,4.5
14019,1.01,Premium,D,SI1,61.6,62.0,6.44,6.38,3.95
13548,1.23,Very Good,G,SI2,63.4,58.0,6.8,6.77,4.3
14476,1.09,Very Good,H,VS1,60.2,61.0,6.66,6.7,4.02
23441,1.07,Ideal,F,IF,62.0,57.0,6.52,6.57,4.06
10119,1.02,Premium,D,SI2,61.5,56.0,6.51,6.47,3.99
13948,1.21,Premium,J,VVS2,60.8,60.0,6.88,6.86,4.18
48700,0.54,Premium,D,VS2,62.2,56.0,5.27,5.21,3.26
7876,0.9,Premium,H,VS1,62.4,58.0,6.15,6.19,3.85
28011,0.3,Very Good,E,VS2,62.9,58.0,4.22,4.24,2.66
6454,1.23,Good,D,I1,63.7,58.0,6.79,6.72,4.3
26316,1.52,Very Good,F,VS1,63.8,56.0,7.25,7.3,4.64
17293,1.15,Very Good,E,VS2,62.9,56.0,6.65,6.68,4.19
14484,1.08,Ideal,H,VS2,61.9,54.0,6.64,6.61,4.1
44600,0.53,Premium,G,VS2,61.2,57.0,5.26,5.19,3.2
23321,1.03,Ideal,F,IF,61.3,56.0,6.53,6.55,4.01
19009,1.21,Very Good,F,VS2,63.5,58.0,6.76,6.73,4.28
44171,0.53,Ideal,D,SI1,62.0,57.0,5.19,5.23,3.23
48311,0.25,Ideal,F,VS2,62.9,55.0,4.01,4.05,2.53
1954,0.91,Very Good,H,SI1,63.0,57.0,6.1,6.19,3.87
20435,1.5,Very Good,H,SI1,61.5,62.0,7.24,7.3,4.47
25733,2.04,Premium,J,VS1,62.6,58.0,8.11,8.06,5.06
2128,0.71,Very Good,E,SI1,60.0,56.0,5.85,5.78,3.49
52619,0.73,Very Good,D,SI1,63.6,57.0,5.68,5.71,3.62
8185,1.2,Ideal,I,SI1,62.2,57.0,6.8,6.77,4.22
49219,0.5,Premium,F,VVS1,61.1,55.0,5.15,5.13,3.14
46070,0.46,Premium,F,VVS1,61.4,57.0,4.99,4.95,3.05
45092,0.56,Premium,F,SI1,61.0,58.0,5.36,5.33,3.26
23252,1.4,Very Good,G,VS1,62.6,58.0,7.03,7.07,4.41
22725,1.13,Ideal,F,VVS2,62.1,54.0,6.67,6.71,4.16
1546,0.77,Very Good,E,SI2,60.4,58.0,5.91,5.95,3.58
41604,0.32,Ideal,J,VS2,62.2,57.0,4.36,4.38,2.72
17749,1.0,Very Good,D,VS2,61.5,63.0,6.35,6.31,3.89
14433,0.9,Ideal,F,VS2,60.8,57.0,6.22,6.24,3.79
1266,0.9,Premium,I,SI2,62.5,58.0,6.15,6.1,3.83
33140,0.31,Good,G,VVS1,63.4,57.0,4.32,4.36,2.75
45592,0.52,Ideal,H,VS2,61.7,55.0,5.2,5.23,3.22
52414,0.7,Premium,G,VS1,61.4,59.0,5.59,5.74,3.51
30353,0.33,Ideal,D,SI1,62.0,56.0,4.47,4.44,2.76
12922,1.03,Ideal,I,VS2,61.2,56.0,6.5,6.51,3.98
36844,0.37,Premium,F,VS2,59.8,59.0,4.66,4.63,2.78
47401,0.5,Ideal,D,SI1,61.8,55.0,5.11,5.15,3.17
40170,0.38,Premium,F,VS1,60.2,58.0,4.73,4.71,2.84
26529,2.11,Very Good,G,SI2,62.2,60.0,8.15,8.19,5.08
8438,1.23,Premium,G,SI2,58.9,62.0,7.03,6.97,4.12
28930,0.3,Premium,G,VVS2,61.9,59.0,4.25,4.28,2.64
23684,1.51,Fair,G,VS1,64.9,55.0,7.25,7.14,4.67
42029,0.38,Premium,E,VVS1,61.9,58.0,4.62,4.66,2.87
52145,0.7,Premium,F,SI1,61.6,60.0,5.68,5.72,3.51
18126,1.12,Premium,G,VS1,58.4,58.0,6.87,6.84,4.0
18235,1.2,Premium,G,VS2,62.4,59.0,6.74,6.68,4.19
33625,0.33,Ideal,I,SI1,61.3,56.0,4.44,4.47,2.73
6041,0.32,Ideal,H,SI1,60.6,57.0,4.44,4.4,2.68
51738,0.61,Very Good,G,VVS2,62.4,55.0,5.44,5.47,3.4
28782,0.37,Very Good,D,SI1,62.3,56.0,4.61,4.64,2.88
40302,0.4,Ideal,E,VS1,61.6,56.0,4.78,4.73,2.93
9255,1.16,Ideal,I,SI2,62.6,56.0,6.73,6.68,4.2
6674,0.9,Very Good,I,VVS1,61.3,59.0,6.17,6.2,3.79
35908,0.34,Ideal,F,VVS1,61.4,55.0,4.52,4.54,2.78
22069,1.7,Premium,G,SI2,58.9,62.0,7.79,7.72,4.57
5166,1.02,Good,H,SI2,57.9,61.0,6.75,6.68,3.89
22477,1.7,Premium,I,SI1,59.7,60.0,7.77,7.72,4.62
27632,2.03,Ideal,F,SI2,61.4,58.0,8.12,8.16,5.0
20589,1.71,Very Good,I,SI2,62.7,58.0,7.59,7.54,4.74
37554,0.31,Ideal,G,IF,61.9,56.0,4.39,4.36,2.71
22277,1.56,Premium,H,VS2,62.4,58.0,7.44,7.39,4.63
14393,0.3,Very Good,G,VS1,62.5,55.0,4.25,4.32,2.68
47935,0.56,Premium,E,VS2,61.9,55.0,5.31,5.25,3.27
32089,0.33,Ideal,D,VS2,61.8,56.0,4.4,4.44,2.73
25143,1.83,Premium,I,VS1,61.9,57.0,7.91,7.85,4.88
37387,0.4,Ideal,D,VS2,61.3,56.0,4.74,4.79,2.92
35817,0.31,Ideal,F,IF,62.3,53.0,4.35,4.38,2.72
19799,1.53,Premium,H,SI1,62.4,60.0,7.34,7.31,4.57
40947,0.3,Good,F,SI1,63.5,57.0,4.24,4.27,2.7
1192,0.59,Very Good,D,VVS2,60.6,59.0,5.44,5.49,3.31
12487,1.06,Ideal,H,SI1,61.7,60.0,6.48,6.52,4.01
33630,0.37,Premium,G,VS2,62.8,60.0,4.59,4.55,2.87
45851,0.55,Ideal,F,VS2,61.4,56.0,5.28,5.31,3.25
50461,0.78,Very Good,H,SI2,63.5,56.0,5.82,5.86,3.71
46588,0.53,Ideal,E,VS2,60.9,56.0,5.27,5.28,3.21
36758,0.51,Premium,F,SI2,62.3,62.0,5.09,5.02,3.15
46540,0.51,Ideal,E,VS2,61.4,57.0,5.16,5.13,3.16
30598,0.31,Ideal,E,VS1,61.4,57.0,4.32,4.37,2.67
23842,1.7,Ideal,E,SI2,59.6,59.0,7.73,7.83,4.64
28983,0.31,Ideal,D,VS2,59.4,57.0,4.45,4.5,2.66
16239,1.1,Very Good,H,VVS2,59.7,57.8,6.7,6.76,4.01
9427,0.91,Very Good,G,VS1,60.9,54.0,6.27,6.38,3.85
43481,0.5,Premium,E,VS2,61.8,59.0,5.07,5.02,3.12
46204,0.5,Very Good,D,VS1,62.0,56.0,5.09,5.11,3.16
1043,0.61,Ideal,E,VVS2,62.4,53.6,5.42,5.45,3.39
50782,0.77,Ideal,H,SI2,60.8,57.0,5.96,5.89,3.6
39652,0.37,Ideal,E,VS1,61.4,55.0,4.62,4.66,2.85
37069,0.55,Good,J,VS1,63.8,61.0,5.09,5.12,3.26
6229,0.9,Good,F,SI1,58.8,60.0,6.22,6.26,3.67
26193,2.01,Premium,G,SI2,59.4,58.0,8.19,8.15,4.85
24404,1.58,Premium,G,VS1,62.1,59.0,7.46,7.43,4.62
31046,0.34,Premium,D,SI1,62.0,58.0,4.47,4.43,2.76
15122,1.08,Ideal,D,SI1,61.8,56.0,6.62,6.69,4.11
20672,1.3,Ideal,H,VVS2,61.5,55.0,7.07,7.03,4.34
40465,0.32,Ideal,D,VVS1,61.3,57.0,4.42,4.39,2.7
47371,0.54,Ideal,E,VS2,61.8,55.0,5.26,5.24,3.24
23487,1.5,Premium,D,SI1,60.5,59.0,7.44,7.39,4.49
7620,1.01,Good,D,SI2,63.1,54.0,6.37,6.43,4.04
30234,0.33,Ideal,E,VS2,60.8,57.0,4.45,4.47,2.71
36255,0.41,Premium,E,VS2,61.3,58.0,4.74,4.79,2.92
31008,0.35,Premium,F,SI1,60.2,58.0,4.6,4.54,2.75
36164,0.38,Ideal,G,VVS2,61.3,56.4,4.67,4.71,2.88
49777,0.7,Very Good,F,SI1,59.8,59.0,5.78,5.82,3.47
26967,2.07,Ideal,I,VS2,60.3,59.0,8.23,8.28,4.98
10867,1.23,Premium,F,SI2,61.7,58.0,6.85,6.95,4.26
45013,0.54,Premium,G,VS2,62.0,58.0,5.21,5.18,3.22
9664,1.0,Very Good,F,SI1,62.5,56.0,6.38,6.42,4.0
4403,0.31,Premium,I,VVS1,61.0,58.0,4.33,4.39,2.66
49957,0.3,Premium,H,SI1,61.2,62.0,4.31,4.28,2.63
39627,0.35,Ideal,E,SI2,61.4,56.0,4.51,4.55,2.78
31606,0.3,Good,J,VS2,63.4,57.0,4.22,4.26,2.69
15537,1.09,Ideal,I,VS1,61.8,55.0,6.59,6.62,4.08
7422,0.71,Very Good,E,VVS1,62.8,59.0,5.66,5.71,3.57
9031,0.27,Ideal,I,VVS2,61.2,56.0,4.18,4.2,2.56
8263,0.9,Very Good,H,VS2,63.0,57.0,6.09,6.13,3.85
40793,0.46,Good,F,VS1,59.9,61.9,5.02,5.06,3.01
5510,1.06,Premium,I,SI2,61.5,58.0,6.59,6.55,4.04
2290,0.9,Very Good,H,SI2,59.2,61.0,6.23,6.27,3.7
37910,0.41,Ideal,I,IF,62.6,57.0,4.74,4.78,2.98
1936,0.75,Good,E,VS2,62.6,58.0,5.73,5.78,3.6
25831,1.66,Ideal,H,IF,61.5,57.0,7.62,7.59,4.68
29354,0.31,Ideal,G,VS2,61.4,57.0,4.37,4.33,2.67
27866,0.3,Very Good,E,VS1,60.2,57.0,4.37,4.3,2.61
12122,0.91,Premium,E,VS1,61.9,59.0,6.23,6.17,3.84
49636,0.32,Premium,G,SI2,61.0,59.0,4.42,4.36,2.68
33759,0.4,Very Good,G,SI1,63.1,56.0,4.75,4.72,2.99
45537,0.51,Ideal,F,VS2,61.4,56.0,5.16,5.13,3.16
20341,1.45,Premium,G,VS1,60.5,60.0,7.27,7.16,4.37
26325,1.71,Very Good,G,VS2,62.5,58.0,7.56,7.66,4.76
36398,0.31,Ideal,E,VS1,60.9,57.0,4.41,4.39,2.68
28291,0.27,Ideal,I,VS1,62.1,54.0,4.16,4.18,2.59
28451,0.32,Ideal,D,VS2,61.2,56.0,4.38,4.41,2.69
22774,1.01,Premium,D,VVS2,61.6,58.0,6.44,6.39,3.95
35460,0.33,Premium,F,VVS2,62.3,60.0,4.43,4.4,2.75
487,0.7,Premium,E,VS1,60.8,60.0,5.74,5.71,3.48
42677,0.53,Very Good,G,SI1,61.6,57.0,5.18,5.21,3.2
17506,1.32,Ideal,E,SI2,62.7,56.0,7.03,6.97,4.39
19154,1.51,Very Good,D,SI2,63.2,59.0,7.25,7.18,4.56
13855,1.0,Premium,G,VS2,62.0,62.0,6.41,6.36,3.96
45924,0.53,Ideal,E,VS2,62.4,56.0,5.16,5.2,3.23
9794,1.01,Good,E,SI2,63.7,58.0,6.32,6.36,4.04
24450,1.37,Premium,E,VS1,59.4,60.0,7.27,7.2,4.3
38393,0.42,Ideal,E,VS2,62.1,56.0,4.8,4.77,2.97
14952,1.0,Very Good,H,VVS1,62.3,60.0,6.28,6.36,3.94
48824,0.71,Good,I,VS2,64.2,58.0,5.52,5.57,3.56
47921,0.6,Premium,E,VS2,62.7,58.0,5.37,5.34,3.36
39349,0.35,Ideal,F,IF,60.7,57.0,4.6,4.56,2.78
18128,1.41,Very Good,H,SI2,58.5,57.0,7.36,7.44,4.33
19829,1.7,Premium,F,SI2,60.2,61.0,7.79,7.68,4.66
42257,0.46,Premium,E,VS1,62.0,58.0,4.95,4.98,3.08
53541,0.72,Premium,D,SI1,60.4,59.0,5.77,5.72,3.47
26257,2.16,Ideal,J,VS1,61.4,59.0,8.27,8.33,5.1
9272,1.01,Good,E,SI1,64.5,56.0,6.24,6.29,4.04
26979,2.15,Very Good,H,SI2,62.8,58.0,8.17,8.22,5.15
1770,0.91,Premium,G,SI2,62.8,59.0,6.14,6.12,3.85
1078,0.31,Ideal,H,SI1,62.9,56.0,4.31,4.27,2.7
3320,0.82,Very Good,E,SI1,62.0,60.0,5.96,6.0,3.71
713,1.02,Fair,I,SI1,53.0,63.0,6.84,6.77,3.66
50529,0.7,Very Good,I,VS1,62.4,59.0,5.55,5.64,3.49
53539,0.72,Fair,F,SI1,64.8,55.0,5.64,5.6,3.64
20336,1.25,Premium,G,VS1,60.0,61.0,7.03,6.92,4.23
45029,0.54,Ideal,E,SI1,60.5,57.0,5.3,5.28,3.2
48184,0.6,Good,D,SI1,63.8,57.0,5.32,5.27,3.38
47788,0.52,Ideal,E,VS2,60.5,56.0,5.27,5.21,3.17
40369,0.46,Ideal,H,SI1,61.1,55.0,4.97,5.01,3.05
3313,0.71,Ideal,H,VVS2,61.7,57.0,5.68,5.73,3.53
46819,0.72,Premium,E,SI2,59.3,60.0,5.88,5.85,3.48
9854,0.9,Very Good,F,VS2,61.9,57.0,6.17,6.23,3.84
21626,1.53,Premium,F,SI2,62.6,57.0,7.37,7.33,4.6
31003,0.41,Good,H,SI1,64.3,54.0,4.72,4.68,3.02
34901,0.33,Ideal,F,VVS1,61.8,53.0,4.48,4.51,2.78
13746,1.21,Ideal,J,VS1,61.8,56.2,6.78,6.86,4.2
13511,1.01,Premium,D,SI1,60.0,60.0,6.51,6.45,3.89
7517,1.01,Very Good,H,SI1,62.7,59.0,6.27,6.33,3.95
6193,0.9,Very Good,D,SI1,62.4,63.0,6.18,6.15,3.85
44146,0.55,Very Good,G,VS2,61.6,56.0,5.26,5.3,3.25
40416,0.58,Ideal,G,SI2,62.0,57.0,5.35,5.29,3.3
16501,1.51,Fair,D,SI2,66.2,54.0,7.19,7.08,4.72
22876,1.26,Ideal,G,VVS1,62.1,57.0,7.01,6.91,4.32
8946,0.9,Very Good,F,SI1,59.1,59.0,6.3,6.35,3.74
14204,1.01,Very Good,G,VS2,63.0,56.0,6.35,6.41,4.02
48006,0.52,Ideal,D,VS2,62.2,56.0,5.16,5.13,3.2
6745,0.33,Very Good,E,SI1,60.2,58.0,4.49,4.55,2.72
20592,1.63,Premium,I,VS1,60.9,58.0,7.63,7.58,4.63
47615,0.71,Good,J,VS1,63.3,55.0,5.62,5.66,3.57
7643,0.9,Good,F,VS2,65.0,58.0,6.03,6.06,3.93
51427,0.77,Good,G,SI1,63.7,54.0,5.85,5.8,3.71
2393,0.32,Ideal,G,VS2,62.5,56.0,4.38,4.42,2.75
37118,0.42,Premium,D,SI1,61.5,58.0,4.83,4.8,2.96
34820,0.3,Premium,H,VVS1,62.7,59.0,4.32,4.29,2.7
5880,1.01,Good,H,SI2,65.7,60.0,6.17,6.19,4.06
53469,0.71,Ideal,E,SI1,61.7,56.0,5.69,5.72,3.52
23817,1.22,Ideal,F,VVS2,62.7,54.0,6.79,6.84,4.27
5634,0.95,Premium,I,SI1,60.0,60.0,6.39,6.37,3.83
5743,0.91,Good,F,SI1,66.1,57.0,5.99,6.03,3.97
43971,0.27,Very Good,F,VS1,60.5,57.0,4.21,4.23,2.55
27869,0.38,Premium,F,SI1,62.0,58.0,4.6,4.63,2.86
29043,0.4,Good,F,SI1,63.6,56.0,4.63,4.68,2.96
51339,0.79,Premium,H,VS2,61.1,59.0,5.96,5.93,3.63
27088,2.01,Ideal,F,SI2,60.0,56.0,8.17,8.22,4.92
52828,0.7,Ideal,G,VS1,61.4,55.0,5.74,5.69,3.51
6928,1.12,Ideal,D,I1,60.6,55.0,6.73,6.76,4.09
27780,0.32,Premium,H,VS2,62.4,58.0,4.36,4.33,2.71
13684,1.01,Good,G,VS2,63.2,57.0,6.3,6.35,4.0
47680,0.51,Ideal,D,VS2,62.7,55.0,5.12,5.09,3.2
1244,0.79,Very Good,H,VS2,61.5,55.0,5.89,5.94,3.64
17928,1.01,Premium,E,VS2,58.0,61.0,6.53,6.5,3.94
39743,0.47,Good,I,VVS1,61.8,62.0,4.94,4.97,3.06
25935,2.0,Premium,H,SI1,62.0,56.0,8.05,7.94,4.96
23810,1.22,Ideal,F,VVS2,62.2,54.0,6.83,6.87,4.26
2871,0.9,Premium,I,SI1,59.6,60.0,6.37,6.24,3.76
9463,1.11,Ideal,H,SI2,60.9,56.0,6.71,6.73,4.09
25652,2.03,Ideal,I,SI1,62.6,55.0,8.06,8.11,5.06
35496,0.41,Very Good,F,SI1,63.4,57.0,4.74,4.73,3.0
8534,0.91,Premium,D,SI1,60.2,60.0,6.25,6.3,3.78
41876,0.5,Fair,G,VS1,65.7,63.0,4.97,4.87,3.23
18836,1.53,Ideal,J,SI1,62.2,58.0,7.35,7.37,4.58
44541,0.53,Ideal,H,VS2,61.7,54.0,5.23,5.2,3.22
53717,0.51,Ideal,E,VVS1,61.9,54.0,5.11,5.17,3.18
20310,1.06,Ideal,G,VVS2,61.4,57.0,6.52,6.55,4.01
35151,0.31,Ideal,E,VVS1,61.7,56.0,4.38,4.41,2.71
16280,1.01,Ideal,G,VS2,60.1,55.0,6.53,6.58,3.94
49483,0.7,Good,E,SI2,61.0,64.0,5.63,5.69,3.45
10348,0.9,Ideal,E,VS2,62.7,56.0,6.14,6.18,3.86
8059,0.36,Very Good,H,VS2,61.0,55.0,4.62,4.66,2.83
44065,0.54,Good,D,SI1,63.2,55.0,5.17,5.21,3.28
24725,2.14,Ideal,E,SI2,62.7,55.0,8.26,8.21,5.16
27870,0.42,Good,H,SI1,63.6,57.0,4.74,4.79,3.03
9915,1.1,Very Good,H,SI1,63.0,57.0,6.5,6.54,4.11
35119,0.42,Ideal,F,SI1,61.6,56.0,4.83,4.81,2.97
36625,0.24,Very Good,E,VVS2,60.6,62.0,4.03,4.06,2.45
18383,0.3,Ideal,G,VS1,61.7,54.6,4.3,4.33,2.67
5321,0.9,Good,D,SI2,63.8,58.0,6.09,6.13,3.9
36259,0.43,Ideal,G,SI2,61.3,56.0,4.89,4.87,2.99
2773,0.7,Ideal,G,VS2,61.6,57.0,5.7,5.73,3.53
49015,0.5,Premium,F,VVS2,61.9,58.0,5.07,5.1,3.15
12649,1.15,Ideal,H,SI1,61.9,55.0,6.74,6.77,4.18
37222,0.43,Ideal,F,SI1,62.5,56.0,4.84,4.82,3.02
21952,1.51,Premium,H,SI1,60.7,59.0,7.43,7.39,4.5
39965,0.53,Very Good,J,VS1,61.4,56.0,5.19,5.23,3.2
44988,0.31,Premium,J,VS1,61.8,59.0,4.33,4.31,2.67
17059,0.32,Ideal,G,SI1,61.3,56.0,4.42,4.39,2.7
28963,0.31,Very Good,H,SI1,61.7,59.0,4.36,4.39,2.7
35721,0.3,Ideal,D,VS2,62.3,54.0,4.33,4.3,2.69
12526,1.07,Ideal,F,SI1,61.9,56.0,6.55,6.61,4.07
23297,1.11,Very Good,E,VVS1,60.2,59.0,6.67,6.79,4.05
18046,0.35,Ideal,H,VS1,62.0,56.0,4.54,4.56,2.82
4463,0.82,Very Good,F,VS2,58.7,58.0,6.1,6.2,3.61
8225,1.0,Ideal,F,SI2,61.2,57.0,6.39,6.48,3.94
30673,0.4,Premium,E,SI1,62.6,59.0,4.68,4.71,2.94
8441,1.05,Ideal,H,SI2,61.2,57.0,6.62,6.55,4.03
27996,0.3,Very Good,E,VS2,61.9,61.0,4.28,4.32,2.66
30547,0.31,Premium,E,VS1,61.0,58.0,4.37,4.39,2.67
27232,1.38,Very Good,F,IF,58.2,60.0,7.32,7.39,4.28
30656,0.29,Very Good,D,SI1,59.8,55.0,4.3,4.35,2.58
38826,0.42,Ideal,G,VS2,61.9,57.0,4.83,4.79,2.98
8818,1.08,Premium,I,SI1,62.2,58.0,6.6,6.56,4.09
982,0.7,Ideal,G,VVS2,62.1,53.0,5.71,5.75,3.56
14233,1.07,Ideal,D,SI1,61.8,55.0,6.54,6.59,4.06
3953,0.7,Ideal,E,VS2,61.3,57.0,5.73,5.75,3.52
52051,0.72,Good,I,VS1,61.3,63.0,5.67,5.75,3.5
8743,0.9,Good,E,SI1,63.9,57.0,6.05,6.1,3.88
17604,1.23,Premium,H,VS2,62.9,57.0,6.84,6.77,4.28
48840,0.55,Ideal,D,VS2,61.8,54.0,5.29,5.26,3.26
3163,0.94,Premium,H,SI2,61.9,57.0,6.29,6.21,3.87
18531,1.51,Premium,J,VS2,62.8,59.0,7.28,7.2,4.55
39353,0.44,Ideal,E,VS2,61.5,56.0,4.92,4.9,3.02
13089,1.28,Ideal,I,SI2,61.7,59.0,6.96,6.92,4.28
15981,1.02,Premium,E,VS2,60.4,58.0,6.51,6.47,3.92
21165,1.5,Good,H,SI1,57.9,62.0,7.55,7.48,4.35
15203,1.01,Very Good,G,VS2,63.1,60.0,6.36,6.31,4.0
35975,0.42,Very Good,F,VS1,59.8,57.0,4.85,4.89,2.91
14107,1.2,Ideal,G,SI2,61.1,57.0,6.83,6.86,4.18
19313,1.02,Ideal,F,VS1,61.2,57.0,6.45,6.52,3.98
4398,0.31,Ideal,D,SI1,62.1,56.0,4.33,4.37,2.7
33881,0.3,Ideal,E,VS2,61.5,56.0,4.33,4.29,2.65
22562,1.29,Ideal,G,VVS2,62.4,57.0,6.94,6.97,4.34
45978,0.3,Ideal,H,VS1,62.1,54.0,4.32,4.35,2.69
41192,0.48,Ideal,I,IF,61.4,55.0,5.05,5.08,3.11
40153,0.46,Ideal,E,SI2,61.3,56.0,5.02,4.96,3.06
30006,0.43,Very Good,E,SI2,62.7,55.0,4.83,4.87,3.04
45259,0.54,Ideal,F,VS2,62.2,57.0,5.21,5.24,3.25
24296,1.51,Ideal,F,SI1,62.8,57.0,7.28,7.33,4.59
27340,2.48,Very Good,H,SI1,63.3,56.0,8.6,8.55,5.43
38762,0.31,Ideal,E,IF,61.9,55.0,4.38,4.41,2.72
52599,0.7,Ideal,E,SI1,62.2,57.0,5.72,5.67,3.54
18568,1.47,Premium,H,SI2,59.1,56.0,7.51,7.46,4.42
16951,1.01,Very Good,E,VS2,64.0,56.0,6.22,6.37,4.03
19366,0.4,Good,D,SI2,63.1,57.0,4.72,4.75,2.99
11878,0.95,Very Good,G,VS1,61.7,58.0,6.26,6.34,3.89
28265,0.26,Ideal,I,VS1,61.9,56.0,4.08,4.16,2.55
24370,0.41,Ideal,J,VS2,62.2,54.4,4.72,4.75,2.95
5567,0.8,Ideal,F,VS1,61.2,56.0,5.98,6.01,3.67
39604,0.32,Ideal,F,SI1,61.9,55.0,4.38,4.41,2.72
49907,0.75,Very Good,I,SI1,59.1,58.0,5.87,5.91,3.48
42906,0.39,Premium,E,VVS1,60.7,58.0,4.73,4.69,2.86
12834,1.2,Very Good,H,SI2,62.0,58.0,6.73,6.79,4.19
2980,0.77,Premium,G,VVS2,60.8,59.0,5.96,5.92,3.61
35020,0.4,Very Good,E,SI1,63.5,57.0,4.72,4.7,2.99
50168,0.71,Ideal,I,SI1,62.5,57.0,5.69,5.74,3.57
17965,1.25,Premium,E,SI1,60.9,59.0,6.98,7.02,4.26
44273,0.52,Ideal,E,VS2,60.4,57.0,5.17,5.22,3.14
29946,0.25,Ideal,H,VS1,61.5,56.0,4.05,4.08,2.5
46509,0.57,Ideal,I,IF,61.0,55.0,5.38,5.41,3.29
40726,0.52,Very Good,G,SI1,60.6,61.0,5.17,5.19,3.14
18276,1.17,Ideal,G,VS2,62.0,57.0,6.74,6.78,4.19
7183,0.96,Very Good,E,SI2,62.6,60.0,6.26,6.32,3.94
40040,0.4,Ideal,D,VVS2,62.8,56.0,4.68,4.72,2.95
4669,1.01,Good,D,SI2,63.8,61.0,6.13,6.06,3.89
10402,0.31,Premium,D,SI2,61.8,60.0,4.37,4.33,2.69
51790,0.7,Very Good,I,VVS2,63.4,59.0,5.6,5.57,3.54
50613,0.25,Very Good,D,VS2,61.1,60.0,4.07,4.11,2.5
34076,0.36,Ideal,D,VS2,61.0,56.0,4.59,4.63,2.81
4852,0.71,Ideal,F,VS1,61.3,56.0,5.69,5.75,3.51
19532,1.5,Good,H,VS2,63.9,59.0,7.25,7.18,4.61
43473,0.41,Ideal,E,IF,62.1,54.0,4.75,4.81,2.97
36321,0.32,Ideal,G,VVS2,60.6,57.0,4.43,4.41,2.68
32062,0.33,Ideal,D,SI1,62.5,54.0,4.44,4.43,2.77
51243,0.72,Ideal,H,SI1,62.3,54.0,5.78,5.75,3.59
25627,2.5,Ideal,J,SI2,64.0,55.0,8.56,8.48,5.46
19736,1.02,Ideal,E,VS1,62.2,54.0,6.43,6.46,4.01
14395,0.3,Good,H,VVS2,63.4,57.0,4.21,4.24,2.68
22295,1.01,Premium,F,VVS1,60.8,58.0,6.55,6.48,3.96
31167,0.41,Very Good,E,SI1,60.5,61.0,4.78,4.8,2.9
23118,1.57,Premium,I,VVS2,60.7,58.0,7.54,7.51,4.57
26918,2.04,Premium,I,SI1,62.2,57.0,8.14,8.07,5.04
6227,1.02,Very Good,H,SI2,63.5,58.0,6.34,6.38,4.04
39598,0.34,Ideal,E,VVS1,61.9,56.0,4.51,4.47,2.78
14492,1.2,Very Good,H,VS1,63.1,57.0,6.69,6.65,4.2
45681,0.53,Ideal,G,VS1,61.9,55.0,5.22,5.25,3.24
25151,2.01,Fair,G,SI2,65.0,60.0,7.8,7.73,5.05
24739,2.17,Premium,F,SI2,59.3,61.0,8.6,8.53,5.08
35438,0.32,Ideal,E,VS2,62.0,54.0,4.41,4.37,2.72
4995,0.7,Ideal,F,VVS2,61.9,54.8,5.68,5.72,3.53
1884,0.9,Good,G,SI1,63.7,56.0,6.1,6.06,3.87
16314,1.01,Good,G,VS1,63.7,56.0,6.37,6.29,4.03
5840,0.9,Good,H,VS2,64.0,58.0,6.11,6.07,3.9
50886,0.9,Premium,F,I1,61.9,59.0,6.18,6.16,3.82
49729,0.52,Premium,G,VVS1,61.9,61.0,5.13,5.11,3.17
19712,1.51,Fair,F,SI2,61.8,66.0,7.18,7.16,4.43
42069,0.5,Premium,D,SI1,62.2,58.0,5.08,5.12,3.17
5429,1.08,Ideal,G,SI2,62.7,54.0,6.63,6.57,4.14
24984,2.01,Ideal,G,SI2,63.0,56.0,7.98,7.9,5.0
34582,0.36,Very Good,F,VVS2,61.6,55.0,4.58,4.6,2.83
42748,0.51,Good,E,SI1,63.9,54.0,5.05,5.09,3.24
46384,0.57,Premium,E,VS2,62.0,58.0,5.38,5.33,3.32
50072,0.72,Premium,J,VVS1,61.4,61.0,5.77,5.7,3.52
28479,0.32,Premium,E,SI1,61.2,58.0,4.42,4.37,2.69
25888,1.69,Ideal,D,SI1,60.8,57.0,7.69,7.71,4.68
39340,0.37,Ideal,G,VVS2,60.7,55.0,4.66,4.7,2.84
19077,1.22,Premium,G,VS1,61.6,60.0,6.85,6.88,4.23
50140,0.7,Very Good,H,SI1,62.8,57.0,5.61,5.66,3.54
37029,0.33,Premium,G,VVS2,62.8,57.0,4.47,4.39,2.78
7445,0.92,Very Good,E,SI1,60.7,59.0,6.25,6.28,3.8
43672,0.5,Very Good,D,SI1,58.9,61.0,5.16,5.19,3.05
51800,0.7,Premium,H,VS2,60.7,59.0,5.68,5.66,3.44
14305,0.9,Very Good,D,VS1,59.1,60.0,6.24,6.28,3.7
9116,1.11,Good,E,SI2,58.3,60.0,6.76,6.83,3.96
37609,0.24,Very Good,E,VVS1,62.8,59.0,3.94,3.96,2.48
36177,0.52,Ideal,J,SI1,62.0,54.0,5.15,5.18,3.2
19694,0.3,Ideal,G,VS1,60.6,57.0,4.38,4.4,2.66
40794,0.46,Good,F,VS1,61.6,62.2,4.84,5.0,3.04
44515,0.52,Premium,F,VS2,62.1,59.0,5.12,5.15,3.19
22673,1.63,Very Good,H,SI1,62.5,58.0,7.47,7.55,4.69
28043,0.35,Very Good,G,VS1,62.6,56.0,4.49,4.52,2.82
37441,0.33,Ideal,G,IF,61.9,54.0,4.42,4.46,2.75
24940,2.03,Ideal,I,SI2,60.8,59.0,8.12,8.2,4.96
23136,2.01,Fair,E,SI2,65.5,56.0,7.84,7.79,5.12
999,1.12,Premium,J,SI2,60.6,59.0,6.68,6.61,4.03
33238,0.33,Ideal,F,VVS2,61.4,57.0,4.43,4.46,2.73
1012,0.8,Premium,F,SI1,62.7,58.0,5.91,5.93,3.71
18811,1.24,Ideal,H,VS2,60.1,59.0,6.99,7.03,4.21
20550,1.01,Ideal,G,IF,60.8,59.0,6.47,6.5,3.94
14562,1.0,Ideal,D,SI1,60.5,57.0,6.52,6.48,3.93
14017,1.01,Good,G,VS2,57.5,62.0,6.58,6.53,3.77
42698,0.52,Very Good,G,SI1,63.3,55.0,5.1,5.07,3.22
2219,0.84,Very Good,D,SI2,63.6,57.0,5.95,6.0,3.8
42937,0.36,Premium,E,SI2,61.5,58.0,4.56,4.61,2.82
49906,0.75,Very Good,H,SI2,63.0,58.0,5.76,5.79,3.64
18241,1.75,Ideal,H,I1,61.5,55.0,7.78,7.75,4.78
47712,0.5,Very Good,G,VVS1,63.3,53.0,5.06,5.09,3.21
5618,1.0,Good,H,SI2,63.2,59.0,6.24,6.29,3.96
33533,0.35,Ideal,D,VS2,60.7,56.0,4.56,4.6,2.78
52107,0.7,Ideal,G,SI1,60.5,57.0,5.74,5.79,3.49
46666,0.7,Very Good,J,SI2,61.7,59.0,5.64,5.67,3.49
46653,0.51,Ideal,D,VS2,61.9,57.0,5.11,5.13,3.17
48019,0.72,Premium,I,SI1,62.0,52.0,5.71,5.67,3.53
7726,0.26,Ideal,D,VS1,62.0,55.0,4.12,4.1,2.55
46399,0.5,Ideal,G,VVS2,62.1,57.0,5.06,5.09,3.15
43341,0.51,Premium,F,SI1,59.4,60.0,5.21,5.19,3.09
5395,0.3,Premium,D,SI2,60.2,60.0,4.35,4.32,2.61
13656,1.32,Premium,I,SI2,61.3,59.0,7.01,6.95,4.28
43088,0.51,Premium,H,VS1,60.3,58.0,5.16,5.19,3.12
36051,0.31,Ideal,E,VVS1,61.0,57.0,4.33,4.36,2.65
37459,0.42,Ideal,H,VVS2,62.9,56.0,4.79,4.75,3.0
34289,0.26,Good,H,VVS2,63.3,58.0,4.04,4.08,2.57
23761,1.51,Premium,F,SI1,61.4,58.0,7.43,7.35,4.54
235,0.7,Very Good,H,VVS1,60.5,60.0,5.74,5.77,3.48
27326,2.0,Good,F,SI1,63.0,64.0,7.67,7.76,4.86
41932,0.4,Ideal,D,VVS2,61.9,56.0,4.74,4.76,2.94
26172,2.19,Ideal,I,SI2,61.5,57.0,8.31,8.44,5.15
1676,1.0,Fair,G,SI2,64.9,57.0,6.29,6.2,4.05
47584,0.57,Ideal,G,VS1,60.3,57.0,5.4,5.42,3.26
12481,1.21,Good,I,SI1,62.7,59.0,6.63,6.71,4.18
6709,0.27,Ideal,I,VVS2,62.0,54.5,4.15,4.19,2.58
42647,0.4,Very Good,E,VVS1,61.2,61.0,4.7,4.74,2.89
45858,0.7,Very Good,G,SI2,63.2,57.0,5.66,5.59,3.55
44830,0.51,Ideal,E,SI1,62.9,57.0,5.1,5.09,3.2
49190,0.71,Very Good,H,SI1,62.4,58.0,5.67,5.7,3.55
9178,1.04,Ideal,I,SI1,62.6,56.0,6.55,6.48,4.08
5204,1.0,Good,J,SI1,63.8,59.0,6.34,6.27,4.02
11754,1.01,Very Good,F,SI1,62.4,60.0,6.35,6.4,3.98
2924,0.73,Very Good,G,VVS2,61.4,58.0,5.83,5.86,3.59
52424,0.77,Very Good,H,VS2,63.0,57.0,5.79,5.87,3.67
11575,1.02,Very Good,F,SI1,62.1,63.0,6.48,6.36,3.99
2752,0.9,Good,H,SI2,63.6,60.0,6.06,6.11,3.87
15709,0.24,Very Good,F,VVS1,62.3,56.0,3.97,4.01,2.49
22158,1.57,Very Good,H,SI1,62.0,60.0,7.4,7.44,4.6
1962,0.73,Ideal,G,SI1,61.4,57.0,5.74,5.79,3.54
40442,0.4,Good,E,VS1,63.8,57.0,4.72,4.69,3.0
39565,0.64,Good,E,SI2,56.6,59.0,5.77,5.74,3.26
45055,0.58,Very Good,E,SI1,63.1,56.0,5.36,5.32,3.37
23016,0.3,Premium,G,VS2,62.6,62.0,4.25,4.21,2.65
14262,1.04,Premium,H,VS2,60.4,59.0,6.66,6.51,3.98
48618,0.7,Very Good,H,SI2,61.5,63.0,5.63,5.59,3.45
10596,1.21,Good,J,SI2,61.1,60.8,6.83,6.89,4.18
20722,0.31,Ideal,F,VS2,62.4,56.0,4.31,4.34,2.7
53216,0.7,Premium,H,VS1,60.6,59.0,5.81,5.74,3.5
34381,0.41,Very Good,I,VVS1,61.9,57.0,4.78,4.82,2.97
2095,0.9,Very Good,G,SI2,60.1,60.0,6.22,6.32,3.77
31256,0.32,Ideal,D,VS2,62.0,55.0,4.38,4.42,2.73
26706,0.32,Very Good,H,VVS2,60.2,60.0,4.45,4.48,2.69
49755,0.77,Very Good,I,SI2,60.8,56.0,5.89,5.92,3.59
44896,0.5,Premium,E,VS2,62.4,62.0,5.07,5.03,3.15
2179,0.75,Ideal,E,VS2,60.2,57.0,5.93,5.9,3.56
21660,1.5,Very Good,I,VS1,60.4,59.0,7.35,7.42,4.46
31759,0.4,Ideal,D,SI1,61.8,55.0,4.74,4.78,2.94
34676,0.41,Good,D,VS2,63.8,55.0,4.7,4.73,3.01
6167,1.0,Premium,H,SI1,61.8,60.0,6.37,6.31,3.92
48970,0.36,Ideal,G,SI1,62.7,55.0,4.54,4.59,2.86
17832,1.2,Ideal,H,VS2,60.8,55.0,6.9,6.85,4.18
17051,0.4,Ideal,I,SI2,61.3,56.0,4.76,4.79,2.93
42655,0.38,Ideal,F,IF,62.2,55.0,4.64,4.66,2.89
34295,0.3,Ideal,D,VS2,60.9,57.0,4.34,4.36,2.65
53885,0.75,Very Good,I,VVS2,62.0,59.0,5.81,5.83,3.61
2784,0.9,Very Good,G,SI2,62.2,60.0,6.09,6.2,3.82
17521,1.04,Very Good,G,VS1,61.8,58.0,6.5,6.55,4.03
23337,1.23,Very Good,F,VVS2,62.2,58.0,6.81,6.86,4.25
23256,1.51,Very Good,H,VS1,63.2,60.0,7.23,7.17,4.55
35140,0.39,Premium,E,VS2,62.5,60.0,4.64,4.67,2.91
45670,0.52,Ideal,E,VS2,61.3,57.0,5.22,5.19,3.19
5734,0.92,Good,D,SI2,63.3,59.0,6.12,6.18,3.89
49491,0.56,Ideal,E,VS1,61.1,56.0,5.34,5.29,3.25
21237,1.71,Premium,I,VS2,62.4,61.0,7.67,7.59,4.76
4747,0.92,Premium,F,SI1,62.6,59.0,6.23,6.19,3.89
28780,0.33,Ideal,E,VS2,59.3,58.0,4.53,4.51,2.68
13195,1.27,Very Good,J,VS2,61.8,60.0,6.9,6.94,4.28
23981,1.75,Ideal,I,VS2,61.0,56.0,7.75,7.82,4.75
33383,0.41,Ideal,G,VS2,62.2,57.0,4.71,4.74,2.94
1710,0.32,Good,E,SI1,63.3,56.0,4.34,4.35,2.75
18549,1.21,Premium,H,VS2,59.9,59.0,6.94,6.92,4.15
7092,1.01,Premium,I,SI1,61.8,59.0,6.37,6.44,3.96
40121,0.41,Very Good,F,VVS2,62.9,54.0,4.7,4.74,2.97
27118,2.35,Premium,I,SI2,59.9,58.0,8.68,8.61,5.18
36447,0.31,Ideal,D,VS2,62.1,54.0,4.37,4.33,2.7
23480,1.51,Premium,G,VS2,60.4,58.0,7.38,7.43,4.47
47958,0.57,Premium,D,VS2,60.8,59.0,5.34,5.38,3.26
38323,0.4,Ideal,E,VS2,61.9,54.0,4.74,4.73,2.93
29217,0.38,Ideal,G,SI1,61.5,55.0,4.66,4.68,2.87
531,0.7,Very Good,D,VS2,63.3,56.0,5.6,5.58,3.54
23160,1.76,Premium,J,VS1,62.0,58.0,7.74,7.7,4.79
33296,0.31,Good,G,SI1,63.2,54.0,4.31,4.33,2.73
48704,0.6,Very Good,D,VS2,63.7,56.0,5.34,5.36,3.41
16717,0.3,Ideal,F,SI1,60.6,57.0,4.34,4.37,2.64
4687,0.81,Premium,E,VS2,61.5,58.0,5.99,5.94,3.97
18030,0.35,Ideal,I,VVS2,62.3,57.0,4.49,4.53,2.81
9656,1.01,Very Good,H,SI1,63.4,58.0,6.38,6.34,4.03
37578,0.32,Ideal,F,VVS1,61.8,56.0,4.45,4.42,2.74
4209,0.72,Premium,E,VVS1,62.9,59.0,5.75,5.67,3.59
44994,0.31,Premium,I,SI1,61.5,59.0,4.37,4.35,2.68
4492,1.0,Ideal,I,SI2,58.8,55.0,6.53,6.46,3.82
31282,0.25,Ideal,I,VS2,62.0,57.0,4.02,4.06,2.5
42642,0.5,Premium,F,SI1,60.1,59.0,5.17,5.14,3.1
25129,1.7,Ideal,H,VS2,62.4,57.0,7.61,7.56,4.73
18129,1.51,Good,H,SI2,59.9,64.0,7.53,7.39,4.47
9016,1.2,Premium,J,SI1,60.7,60.0,6.88,6.92,4.19
44330,0.33,Ideal,H,VS2,61.2,55.0,4.45,4.47,2.73
5009,0.93,Good,D,SI2,59.2,62.0,6.36,6.38,3.77
22857,1.61,Very Good,E,SI2,63.0,59.9,7.42,7.45,4.68
42507,0.53,Very Good,F,SI1,62.5,57.0,5.19,5.24,3.26
16167,1.02,Good,E,VS2,63.2,60.0,6.29,6.34,3.99
50768,0.71,Premium,I,VS2,60.4,60.0,5.8,5.72,3.48
11147,1.11,Premium,I,VS2,60.4,58.0,6.79,6.73,4.08
38217,0.43,Ideal,E,SI1,61.5,56.0,4.9,4.85,3.0
9724,1.06,Premium,E,SI2,61.7,62.0,6.54,6.5,4.02
53383,0.7,Ideal,F,SI1,61.7,54.0,5.72,5.75,3.54
14243,1.05,Very Good,E,SI1,60.7,56.0,6.54,6.6,3.99
4421,1.0,Premium,E,SI2,59.9,55.0,6.48,6.4,3.86
39917,0.42,Very Good,E,VS1,62.1,55.0,4.81,4.85,3.0
40384,0.53,Very Good,F,SI2,62.5,57.0,5.11,5.17,3.21
40764,0.41,Very Good,H,VVS1,62.0,56.0,4.77,4.81,2.97
28324,0.33,Very Good,H,VVS2,62.4,60.0,4.39,4.42,2.75
6992,1.02,Very Good,I,SI2,63.2,60.0,6.37,6.41,4.04
3637,0.74,Ideal,G,VS2,61.2,56.0,5.82,5.85,3.57
7209,1.04,Good,D,SI2,57.6,63.0,6.67,6.7,3.85
37871,0.39,Ideal,E,VS1,62.3,54.4,4.66,4.69,2.91
41026,0.41,Ideal,E,VVS2,61.5,55.0,4.79,4.83,2.96
9675,1.0,Premium,E,SI2,60.4,60.0,6.49,6.46,3.91
39851,0.38,Ideal,E,VVS2,61.6,55.0,4.63,4.66,2.86
1180,0.71,Ideal,G,VS1,62.7,57.0,5.69,5.73,3.58
10705,0.91,Very Good,G,VVS2,63.4,58.0,6.1,6.14,3.88
37768,0.41,Ideal,E,VS2,62.1,57.0,4.79,4.74,2.96
32891,0.36,Ideal,E,SI1,61.4,57.0,4.59,4.56,2.81
18640,1.0,Very Good,E,VS2,62.9,57.0,6.33,6.35,3.99
11047,0.31,Ideal,H,SI1,61.9,56.0,4.38,4.35,2.7
46824,0.62,Ideal,H,VS1,63.0,56.0,5.43,5.36,3.4
25032,0.27,Ideal,G,VVS2,62.8,56.0,4.12,4.16,2.6
53010,0.7,Ideal,F,SI1,62.1,56.0,5.67,5.65,3.51
10806,1.31,Good,G,SI2,63.8,56.0,7.03,6.89,4.44
40984,0.5,Good,E,SI2,63.7,55.0,5.08,5.03,3.22
46458,0.54,Ideal,E,VS2,61.6,56.0,5.24,5.28,3.24
16952,1.15,Ideal,H,VS2,62.8,54.0,6.7,6.75,4.22
46048,0.5,Ideal,F,VS1,61.0,56.0,5.14,5.15,3.14
53154,0.71,Fair,G,VS2,57.0,66.0,5.83,5.81,3.32
33506,0.32,Ideal,F,VS2,62.5,56.0,4.4,4.37,2.74
16697,0.32,Premium,J,VS1,61.9,58.0,4.33,4.39,2.7
39281,0.3,Ideal,H,VS2,62.3,56.0,4.29,4.31,2.68
4923,0.91,Ideal,I,VS2,62.2,59.0,6.13,6.18,3.83
18327,1.51,Premium,J,VS2,63.0,57.0,7.38,7.29,4.62
24572,1.6,Ideal,F,SI1,61.0,57.0,7.54,7.6,4.62
30752,0.25,Premium,F,VVS2,62.0,59.0,4.04,3.99,2.49
6458,1.01,Very Good,H,SI1,62.5,58.0,6.37,6.42,4.0
19548,1.02,Premium,D,VS1,61.3,58.0,6.52,6.47,3.98
13492,1.01,Fair,G,VS2,64.5,57.0,6.26,6.2,4.02
40079,0.3,Premium,F,VVS1,61.8,59.0,4.29,4.26,2.64
31650,0.35,Ideal,E,VS2,61.5,55.0,4.52,4.56,2.79
28735,0.31,Ideal,E,VS2,61.8,56.0,4.34,4.36,2.69
13177,1.37,Good,I,VS2,64.1,58.0,6.92,6.9,4.43
1559,0.61,Ideal,E,VS1,61.3,54.0,5.53,5.5,3.38
37221,0.31,Ideal,F,VVS1,61.1,56.0,4.37,4.4,2.68
14553,1.25,Ideal,H,SI2,62.8,55.0,6.87,6.82,4.3
7043,1.02,Very Good,F,SI2,62.0,59.0,6.33,6.42,3.95
13472,1.01,Very Good,D,SI1,59.7,57.0,6.53,6.56,3.91
9321,0.9,Very Good,D,SI1,62.5,59.0,6.11,6.15,3.83
38058,0.41,Ideal,E,VVS2,62.5,57.0,4.71,4.76,2.96
19253,1.5,Premium,J,VVS2,62.8,62.0,7.25,7.22,4.54
13067,1.2,Ideal,I,SI1,61.8,56.0,6.77,6.8,4.19
43433,0.5,Premium,I,VVS1,58.2,62.0,5.25,5.19,3.04
26228,2.01,Premium,H,VS2,62.8,59.0,8.03,7.97,5.02
37412,0.38,Premium,G,VS2,59.3,59.0,4.74,4.71,2.8
33202,0.37,Very Good,D,VS1,61.1,58.0,4.66,4.7,2.86
53224,0.5,Ideal,D,VVS2,61.8,54.1,5.1,5.14,3.16
52470,0.96,Fair,J,SI1,67.3,56.0,6.06,6.01,4.06
50791,0.96,Fair,J,I1,59.5,60.0,6.28,6.23,3.72
11731,1.0,Good,G,VS2,62.7,58.0,6.24,6.33,3.94
22244,1.52,Premium,I,VS1,60.6,57.0,7.51,7.44,4.53
44,0.32,Good,H,SI2,63.1,56.0,4.34,4.37,2.75
32453,0.36,Very Good,D,VS1,62.8,55.0,4.52,4.55,2.85
53766,0.7,Ideal,F,VS1,62.5,56.0,5.7,5.73,3.57
4790,1.0,Good,E,SI1,57.6,65.0,6.47,6.44,3.72
36838,0.37,Premium,G,VS1,61.4,58.0,4.61,4.58,2.82
23466,1.51,Good,E,SI1,63.1,58.0,7.23,7.28,4.58
25473,1.69,Premium,F,VS2,59.8,60.0,7.79,7.74,4.64
19599,1.57,Ideal,J,SI1,62.4,57.0,7.51,7.4,4.65
22000,1.34,Ideal,G,VS1,62.7,57.0,7.1,7.04,4.43
25977,2.1,Premium,G,SI2,62.6,56.0,8.2,8.16,5.12
14721,0.3,Very Good,G,VS1,61.2,59.0,4.28,4.32,2.63
9723,1.15,Very Good,H,SI2,61.9,57.0,6.68,6.72,4.15
10478,1.01,Very Good,I,SI1,63.5,53.0,6.32,6.4,4.04
18889,1.52,Fair,I,SI1,64.6,58.0,7.24,7.21,4.68
2660,0.73,Ideal,E,VS1,62.5,57.0,5.73,5.76,3.59
52059,0.7,Very Good,E,SI2,60.4,59.0,5.7,5.75,3.46
39766,0.36,Ideal,E,VS1,62.4,55.0,4.61,4.59,2.87
52363,0.54,Good,E,VVS2,60.1,61.0,5.3,5.38,3.21
19376,0.4,Good,D,SI2,63.1,56.0,4.65,4.67,2.94
42587,0.35,Ideal,D,VVS1,60.6,56.0,4.58,4.59,2.78
21283,1.12,Premium,G,IF,61.2,58.0,6.67,6.7,4.09
35797,0.34,Ideal,F,VVS2,61.8,56.0,4.49,4.47,2.77
11541,1.21,Good,I,VS2,64.1,61.0,6.7,6.66,4.28
214,0.7,Ideal,G,VS1,61.4,59.0,5.64,5.73,3.49
29465,0.32,Ideal,E,VS2,62.0,57.0,4.39,4.41,2.73
3895,0.77,Good,D,VS2,63.1,57.0,5.83,5.86,3.69
36380,0.44,Very Good,H,SI1,63.5,57.0,4.85,4.82,3.07
25933,2.01,Good,E,SI1,63.8,55.0,8.0,7.96,5.09
8253,1.11,Ideal,I,SI2,61.9,57.0,6.62,6.66,4.11
4673,0.95,Premium,G,SI2,60.5,62.0,6.44,6.36,3.88
9256,0.97,Premium,F,SI1,62.7,59.0,6.28,6.31,3.95
10879,1.21,Ideal,J,VS2,62.2,57.0,6.78,6.82,4.23
35597,0.31,Ideal,H,VVS1,62.7,54.0,4.38,4.33,2.73
39556,0.32,Ideal,G,VVS1,62.0,57.0,4.42,4.38,2.73
48134,0.6,Very Good,F,VS2,59.5,57.8,5.48,5.56,3.28
5419,1.05,Good,H,SI2,63.9,56.0,6.44,6.37,4.09
33993,0.42,Ideal,G,VS2,61.7,57.0,4.8,4.83,2.97
6199,1.01,Very Good,J,SI1,62.8,57.0,6.37,6.41,4.01
7623,0.9,Ideal,G,SI1,62.5,55.0,6.17,6.21,3.87
417,0.36,Ideal,I,VS2,61.9,56.0,4.54,4.57,2.82
14181,0.9,Very Good,G,IF,60.1,59.0,6.22,6.26,3.75
23740,1.54,Premium,F,SI1,60.9,59.0,7.46,7.56,4.57
15001,1.01,Very Good,E,VS2,62.6,56.0,6.39,6.43,4.01
40808,0.51,Very Good,H,SI1,62.0,57.0,5.11,5.19,3.19
48654,0.34,Premium,H,VS2,61.7,60.0,4.47,4.51,2.77
17937,1.61,Premium,J,SI2,62.2,59.0,7.52,7.47,4.66
38924,0.51,Premium,G,SI2,60.8,59.0,5.2,5.19,3.16
9575,1.0,Premium,D,SI2,61.6,58.0,6.45,6.37,3.95
35754,0.3,Ideal,E,VS2,61.4,59.0,4.3,4.27,2.63
5400,1.01,Ideal,J,SI1,62.9,56.0,6.4,6.35,4.01
27628,2.14,Ideal,H,SI1,61.5,57.0,8.36,8.29,5.12
50097,0.61,Ideal,D,VS2,61.0,57.0,5.49,5.53,3.36
11999,1.01,Good,D,SI1,63.9,62.0,6.31,6.25,4.01
30771,0.32,Ideal,F,VVS2,62.1,56.0,4.4,4.46,2.75
19017,1.5,Premium,J,VS1,62.0,61.0,7.37,7.24,4.53
39469,0.41,Ideal,E,VS1,61.4,57.0,4.79,4.82,2.95
16933,1.0,Very Good,D,VS2,62.6,58.0,6.31,6.38,3.97
23818,1.2,Ideal,E,VVS2,61.5,57.0,6.79,6.89,4.21
53155,0.73,Very Good,F,SI2,61.7,60.0,5.71,5.8,3.55
19122,1.01,Ideal,F,VS1,62.0,57.0,6.46,6.42,3.99
19560,1.5,Fair,E,SI2,59.9,68.0,7.39,7.3,4.4
1186,0.72,Very Good,F,VS2,63.3,57.0,5.69,5.72,3.61
5611,0.89,Ideal,E,SI2,61.8,56.0,6.15,6.19,3.81
39050,0.55,Ideal,H,SI2,62.2,54.0,5.28,5.3,3.29
53803,0.9,Good,H,SI1,63.8,56.0,6.07,6.02,3.86
27980,0.3,Ideal,E,VS2,62.0,55.0,4.3,4.35,2.68
52276,0.62,Ideal,E,VS1,60.3,57.0,5.52,5.57,3.35
4472,0.98,Fair,F,SI1,61.8,66.0,6.38,6.27,3.91
10292,1.2,Very Good,D,SI2,63.5,59.0,6.61,6.56,4.18
48836,0.55,Premium,E,VS2,62.3,60.0,5.26,5.18,3.25
48101,0.5,Ideal,G,VVS2,62.0,56.0,5.13,5.09,3.17
12482,1.06,Ideal,G,SI1,62.0,56.0,6.55,6.52,4.05
49627,0.3,Premium,E,SI2,61.9,58.0,4.31,4.28,2.66
33116,0.31,Ideal,D,VS2,62.1,55.0,4.38,4.32,2.7
11191,1.18,Premium,I,SI1,61.1,59.0,6.78,6.73,4.13
41171,0.4,Premium,G,VVS1,61.5,58.0,4.74,4.69,2.9
32241,0.43,Ideal,G,SI1,62.6,56.0,4.79,4.82,3.01
9689,1.0,Very Good,H,VS2,63.3,62.0,6.37,6.29,4.01
36074,0.4,Very Good,D,SI1,63.5,55.0,4.72,4.67,2.98
43818,0.51,Ideal,E,SI1,62.3,56.0,5.15,5.12,3.2
11002,1.17,Premium,H,SI2,62.7,56.0,6.74,6.68,4.21
27723,2.01,Ideal,G,SI1,62.2,56.0,8.02,7.97,4.97
41700,0.42,Premium,D,VVS2,62.8,59.0,4.76,4.73,2.98
51578,0.65,Ideal,D,VS2,62.7,57.0,5.56,5.5,3.47
48687,0.77,Good,E,SI2,64.1,56.0,5.84,5.77,3.72
3612,0.82,Ideal,F,SI1,61.1,56.0,6.06,6.08,3.71
37268,0.32,Very Good,H,SI1,61.8,56.0,4.38,4.41,2.71
53592,0.7,Good,H,VVS2,58.9,61.5,5.77,5.84,3.42
27071,2.14,Premium,I,VS2,60.7,59.0,8.33,8.28,5.04
37975,0.4,Very Good,H,VS1,63.4,58.0,4.74,4.66,2.98
41626,0.24,Ideal,H,IF,62.5,54.0,3.97,4.0,2.49
47208,0.5,Very Good,G,VVS2,60.7,57.0,5.1,5.14,3.11
34382,0.41,Very Good,F,VS2,61.1,56.0,4.79,4.84,2.94
8973,1.05,Ideal,H,SI2,61.9,56.0,6.49,6.56,4.04
42546,0.85,Fair,H,I1,61.0,61.0,6.2,6.0,3.73
49816,0.7,Fair,D,SI2,65.6,55.0,5.59,5.5,3.64
13794,1.23,Premium,I,VS2,61.7,58.0,6.87,6.85,4.23
7,0.26,Very Good,H,SI1,61.9,55.0,4.07,4.11,2.53
987,0.79,Ideal,D,SI1,61.5,56.0,5.91,5.96,3.65
28661,0.36,Very Good,E,VS2,60.4,58.0,4.58,4.62,2.78
39114,0.41,Premium,G,VS2,59.8,61.0,4.82,4.78,2.87
8585,1.01,Very Good,I,VS2,61.3,56.0,6.53,6.45,3.98
23532,1.6,Very Good,E,SI2,62.5,54.0,7.5,7.55,4.7
34879,0.39,Premium,G,SI1,60.9,58.0,4.73,4.7,2.87
18793,1.1,Ideal,G,VS1,61.3,57.0,6.66,6.59,4.06
29967,0.31,Ideal,H,SI1,62.7,56.0,4.33,4.38,2.73
1995,0.52,Ideal,E,VVS1,61.8,55.0,5.19,5.2,3.21
20418,1.06,Ideal,F,VVS2,61.1,57.0,6.62,6.57,4.03
16143,1.2,Premium,H,SI1,61.3,60.0,6.87,6.81,4.19
44646,0.28,Very Good,G,VVS2,61.4,55.0,4.21,4.24,2.59
27361,0.34,Ideal,E,VS2,62.0,56.0,4.46,4.48,2.77
7231,1.01,Very Good,J,SI1,63.0,54.0,6.35,6.41,4.02
27091,2.17,Ideal,I,SI1,60.4,56.0,8.36,8.43,5.07
49689,0.7,Very Good,H,VS1,62.4,57.0,5.64,5.7,3.54
22963,2.01,Ideal,J,SI2,62.9,54.0,8.06,7.93,5.05
13672,1.03,Ideal,F,SI1,61.3,56.0,6.55,6.51,4.0
37585,0.32,Ideal,F,VVS1,62.1,56.0,4.43,4.39,2.74
